设备名称,备注
20120924-C02,仅在EAP文件中
20130110-W27,仅在EAP文件中
20130605-W04,仅在EAP文件中
20140514-W13,仅在EAP文件中
20140514-W37,仅在EAP文件中
20150316-W03,仅在EAP文件中
20150513-W02,仅在EAP文件中
20150622-W05,仅在EAP文件中
20150622-W11,仅在EAP文件中
20151214-103,仅在EAP文件中
20151222-W01,仅在EAP文件中
20151222-W04,仅在EAP文件中
20151225-W02,仅在EAP文件中
20160329-W03,仅在EAP文件中
20160929-W17,仅在EAP文件中
20171225-W01,仅在EAP文件中
20180124-W36,仅在EAP文件中
20180724-W52,仅在EAP文件中
20180917-W11,仅在EAP文件中
20190218-W04,仅在EAP文件中
20190314-W07,仅在EAP文件中
20190314-W09,仅在EAP文件中
20190722-W01,仅在EAP文件中
20190924-W10,仅在EAP文件中
20200520-W99,仅在EAP文件中
20200603-W17,仅在EAP文件中
20200603-W22,仅在EAP文件中
20200603-W29,仅在EAP文件中
20210127-W05,仅在EAP文件中
20210323-W01,仅在EAP文件中
20210323-W02,仅在EAP文件中
20210503-W09,仅在EAP文件中
20210831-W07,仅在EAP文件中
20210930-W59,仅在EAP文件中
20211201-W96,仅在EAP文件中
20220119-W19,仅在EAP文件中
20220119-W31,仅在EAP文件中
20220217-W05,仅在EAP文件中
20220217-W19,仅在EAP文件中
20220302-W07,仅在EAP文件中
20220302-W16,仅在EAP文件中
20220302-W18,仅在EAP文件中
20220530-W02,仅在EAP文件中
20220530-W04,仅在EAP文件中
20220530-W05,仅在EAP文件中
20220530-W06,仅在EAP文件中
20220530-W07,仅在EAP文件中
20220920-W04,仅在EAP文件中
20220920-W05,仅在EAP文件中
20220920-W06,仅在EAP文件中
20220920-W13,仅在EAP文件中
20220920-W14,仅在EAP文件中
20220920-W16,仅在EAP文件中
20220920-W17,仅在EAP文件中
20220920-W18,仅在EAP文件中
20220920-W19,仅在EAP文件中
20220920-W20,仅在EAP文件中
20220920-W21,仅在EAP文件中
20220920-W22,仅在EAP文件中
20220920-W28,仅在EAP文件中
20220920-W30,仅在EAP文件中
20220920-W32,仅在EAP文件中
20220920-W36,仅在EAP文件中
20220920-W37,仅在EAP文件中
20220920-W38,仅在EAP文件中
20220920-W40,仅在EAP文件中
20220920-W41,仅在EAP文件中
20220920-W42,仅在EAP文件中
20220920-W43,仅在EAP文件中
20220920-W44,仅在EAP文件中
20220920-W46,仅在EAP文件中
20220920-W48,仅在EAP文件中
20220920-W49,仅在EAP文件中
20220920-W50,仅在EAP文件中
20220920-W54,仅在EAP文件中
20221214-W02,仅在EAP文件中
20221214-W04,仅在EAP文件中
20221214-W05,仅在EAP文件中
20221214-W06,仅在EAP文件中
20221214-W07,仅在EAP文件中
20221214-W08,仅在EAP文件中
20221214-W36,仅在EAP文件中
20221214-W37,仅在EAP文件中
20221214-W38,仅在EAP文件中
20221214-W39,仅在EAP文件中
20230619-W88,仅在EAP文件中
20230619-W95,仅在EAP文件中
20230912-W07,仅在EAP文件中
20231027-W02,仅在EAP文件中
CIM200,仅在EAP文件中
CIM300,仅在EAP文件中
CIM3000-01,仅在EAP文件中
CIM3000-02,仅在EAP文件中
